modelo,fold,acuracia,f1_macro,precisao,recall,tempo_ms
KNN,1,0.9209482038429407,0.908886522543907,0.9319765929161252,0.8898375758926625,146.04439999948227
KNN,2,0.9201127819548872,0.9087855808530995,0.9275360578553621,0.8926677896813743,147.20909999959986
KNN,3,0.9204260651629073,0.9081475253871784,0.9296139025802307,0.8901544801483552,151.77889999995386
KNN,4,0.9194862155388471,0.907134870790418,0.9270845446475598,0.8903789182081789,195.03379999969184
KNN,5,0.9243943191311612,0.9131118489081556,0.9337621262804755,0.8955882624172148,152.53990000019257
KNN,6,0.9199039264828739,0.9078682954256804,0.9283959180687772,0.8905355452735054,171.47429999931774
KNN,7,0.9170843776106934,0.9044674738508229,0.9246903594515565,0.8873765553364269,143.43319999989035
KNN,8,0.9193733681462141,0.9079555529117777,0.927162155126631,0.8916867214001539,131.69990000005782
KNN,9,0.919686684073107,0.9081676657293852,0.9273522191501051,0.8917813511737832,130.3885999996055
KNN,10,0.9197911227154048,0.9075442801817467,0.9310354311549731,0.8880832644114788,135.48830000036105
KNN,11,0.9203216374269005,0.9087453478526478,0.930233384729719,0.8907902747225999,129.84700000015437
KNN,12,0.9160401002506265,0.9031253281046517,0.9240092848949123,0.8855117377664533,138.4449000006498
KNN,13,0.9197994987468672,0.9083855721454595,0.9269001546738261,0.8925574619896973,158.23809999983496
KNN,14,0.9226190476190477,0.9119409207192533,0.9311967484860147,0.8954900854555569,163.76799999943614
KNN,15,0.918546365914787,0.9052611672829217,0.9276869555072618,0.8866441464844268,157.20629999941593
KNN,16,0.9177109440267335,0.9058664541801754,0.9280691306804667,0.8873447480199811,142.97669999996288
KNN,17,0.9217836257309941,0.9099949907582779,0.9306044273564901,0.8925445216696133,141.37059999939083
KNN,18,0.9227154046997389,0.9106946277603895,0.9333537102606261,0.8918566364258421,142.31410000047617
KNN,19,0.9186422976501305,0.9067417039300122,0.9238174279610658,0.8920254220968808,139.8110000000088
KNN,20,0.9168668407310705,0.9048591209893719,0.9273624071846456,0.8860620089891006,138.55160000002797
KNN,21,0.9207393483709273,0.9085370159275509,0.92927293678822,0.89113448252631,160.42279999965103
KNN,22,0.9159356725146199,0.9027936553864565,0.9270849248790425,0.8827301728851985,132.50800000059826
KNN,23,0.9183375104427736,0.9063971401762331,0.9276288380808744,0.8886725239950662,132.85649999943416
KNN,24,0.9246031746031746,0.9140841571119633,0.9309100771519035,0.8996252870077303,136.31040000018402
KNN,25,0.9180242272347535,0.9050440557366395,0.9287437589379494,0.8854100189676236,139.42640000004758
KNN,26,0.9249164578111947,0.9139988992151858,0.9319562577000587,0.8985362026000923,131.80779999947845
KNN,27,0.9192773600668338,0.9068285959465897,0.9285965399641082,0.8886007883852232,165.6954999998561
KNN,28,0.9163446475195822,0.9039340782867539,0.9266090973288502,0.8850171723015489,133.2931999995708
KNN,29,0.9210443864229765,0.9100313379481776,0.9286221389282655,0.8940561745225276,136.65279999986524
KNN,30,0.9148825065274151,0.9020810798411069,0.923440401492134,0.8842380572625244,153.37519999957294
KNN,31,0.9192773600668338,0.9060602918115149,0.9279330435832405,0.8879053235429675,138.25480000014068
KNN,32,0.9203216374269005,0.9086989555406108,0.9278863936573627,0.8924800314839237,148.22499999991123
KNN,33,0.9199039264828739,0.9077686735704704,0.9296921809611766,0.8893618450831943,132.4279000000388
KNN,34,0.9134294068504595,0.901649878572273,0.9228963075135002,0.8837164849324975,147.23569999932806
KNN,35,0.920530492898914,0.9084472274415086,0.9297703185459635,0.8904896302010213,138.72779999928753
KNN,36,0.9219924812030075,0.9107410041177305,0.9313696329023614,0.8932258955879164,161.13920000043436
KNN,37,0.9204260651629073,0.9080161023999574,0.9281560931568028,0.8911405548436623,152.0777999994607
KNN,38,0.9166579634464752,0.9033843437527765,0.9263552823828743,0.8843875324476044,135.66549999995914
KNN,39,0.9197911227154048,0.908158521267821,0.9275769552238055,0.8916644025802593,132.3900000006688
KNN,40,0.9224020887728459,0.9113509393331304,0.9316602982091329,0.8942159487477671,142.52380000016274
KNN,41,0.920843776106934,0.9086845050461289,0.930395465477852,0.8905240054372235,136.63799999994808
KNN,42,0.9222013366750209,0.910039056320391,0.9312014689798521,0.8924970532368781,162.26370000003953
KNN,43,0.9230367585630743,0.9121031540451644,0.9303227152493038,0.8964899419756701,151.2831999998525
KNN,44,0.9159356725146199,0.9041966896059727,0.9246052707540175,0.8868917922551544,180.55659999936324
KNN,45,0.9183375104427736,0.9064218741825787,0.9263581328944035,0.8894421013946809,139.96320000023843
KNN,46,0.9213659147869674,0.9098175218871868,0.9325675222503295,0.8908899579689374,135.27450000037788
KNN,47,0.9237677527151211,0.9126257291211095,0.9322894939841543,0.8958970974317738,135.8114000004207
KNN,48,0.9150913838120105,0.901928248710327,0.923014315887447,0.8841996674221738,141.45520000056422
KNN,49,0.9193733681462141,0.9072742119285703,0.9281137829242526,0.8897447354993422,135.43029999982537
KNN,50,0.9197911227154048,0.9070569141433399,0.9285733767720412,0.8890566505150841,172.88139999982377
Random Forest,1,0.9778613199665831,0.9728309596483585,0.9792485600688335,0.9670345276393556,6466.3737000000765
Random Forest,2,0.9768170426065163,0.9715959527817586,0.9753251480335342,0.9680843808223395,7851.6026000006605
Random Forest,3,0.9774436090225563,0.9724353612723053,0.9765008889926218,0.9686701853172043,8054.1878000003635
Random Forest,4,0.975250626566416,0.9697223907913523,0.9755091821566474,0.9645452589766034,7116.265399999975
Random Forest,5,0.9788011695906432,0.9739464923845172,0.9781835009737555,0.9699751862476478,7742.672500000481
Random Forest,6,0.977234753550543,0.9720483788417651,0.9760146780169188,0.9683302301465625,7091.2493999994695
Random Forest,7,0.9783834586466166,0.973701340890889,0.9767282535293832,0.970867701070294,7278.457000000344
Random Forest,8,0.9785900783289817,0.9737266932066694,0.9783221497204164,0.9694961834657508,7059.85150000015
Random Forest,9,0.974934725848564,0.9696006963641851,0.9729770004891325,0.9665061359708433,7656.513399999312
Random Forest,10,0.9795300261096606,0.9747860656218887,0.9813255008594108,0.96886912472117,6857.19969999991
Random Forest,11,0.9778613199665831,0.9729020666767537,0.9779832329311299,0.9682452066059563,7398.7630000001445
Random Forest,12,0.9765037593984962,0.9710933932192329,0.9762825746555374,0.9663474597873488,8500.74399999994
Random Forest,13,0.9778613199665831,0.9729121491184888,0.9768912072679704,0.9692162815277525,7397.377100000085
Random Forest,14,0.9794277360066834,0.9749395664778077,0.9790472134343982,0.9711537366306766,8534.766000000673
Random Forest,15,0.9763993316624896,0.9709969141862453,0.9772430903662016,0.9653565307233943,7043.153999999959
Random Forest,16,0.9765037593984962,0.9711914049778438,0.9759842743348152,0.9667797348898873,6946.6050000000905
Random Forest,17,0.9782790309106099,0.9735098862146608,0.9771539798748018,0.9701169944108924,7294.525400000566
Random Forest,18,0.9777545691906006,0.972661043006008,0.9778461495691881,0.9678880536223703,8126.564799999869
Random Forest,19,0.9781723237597911,0.9734453026121438,0.976002456734045,0.97102947957893,7009.827299999415
Random Forest,20,0.9766057441253264,0.971189107373104,0.9767199123989432,0.9661444483597563,6972.835900000064
Random Forest,21,0.9774436090225563,0.972206230794479,0.9775142882895329,0.9673207813617757,8179.578600000241
Random Forest,22,0.9765037593984962,0.9713528850375047,0.9752822734059244,0.9677347096756294,7279.724299999543
Random Forest,23,0.9768170426065163,0.9715109791690107,0.9768058081041207,0.9666592850012071,6896.96769999955
Random Forest,24,0.9794277360066834,0.9748998615622507,0.9795985381133593,0.9705988366753645,7701.672099999996
Random Forest,25,0.9759816207184628,0.9705069838342572,0.9759359197309224,0.9655419053898381,6798.503600000004
Random Forest,26,0.9783834586466166,0.9736025452889562,0.977272754384695,0.9701747044755277,7032.718799999202
Random Forest,27,0.9778613199665831,0.972827352430048,0.977993272693667,0.9680843630059588,7038.5097999997015
Random Forest,28,0.9755613577023499,0.9699770841772418,0.9751172134327185,0.9652901490754969,6954.230500000449
Random Forest,29,0.9792167101827676,0.9745555661960799,0.9783096643850492,0.9710521829494696,7663.1657999996605
Random Forest,30,0.9769190600522193,0.9718129459623291,0.976364754133074,0.9675769922039766,7660.7683000002
Random Forest,31,0.9748329156223893,0.9691036668997696,0.9743559584013269,0.964314458676563,7438.299299999926
Random Forest,32,0.9778613199665831,0.9729304157575468,0.9761720323780677,0.9698720605390411,7569.562699999551
Random Forest,33,0.9784878863826232,0.9734836984569765,0.9796664947944201,0.9678599361790249,6785.412199999882
Random Forest,34,0.97921888053467,0.9747511977904012,0.9778412531286547,0.9718706864136247,7236.512499999662
Random Forest,35,0.9759816207184628,0.9707640438760431,0.9743041246623935,0.9674840552334306,6795.946100000037
Random Forest,36,0.9779657477025898,0.9730938510393535,0.9766347671175173,0.9698052648980333,7462.9179000003205
Random Forest,37,0.9768170426065163,0.9715983093306028,0.9764830601648476,0.9670660558415997,7341.611599999851
Random Forest,38,0.9777545691906006,0.9726614128089627,0.9790379709961021,0.9669178583896976,7096.5188999998645
Random Forest,39,0.9763968668407311,0.9709749386539864,0.9752754928612838,0.9669992234631586,6988.394199999675
Random Forest,40,0.9783812010443864,0.9735810675676416,0.9788231777105706,0.9687630762910583,6947.674099999858
Random Forest,41,0.9771303258145363,0.9718785878723893,0.9773304000455364,0.9668702311590893,6547.011599999678
Random Forest,42,0.9779657477025898,0.9731070485078969,0.9784035036083553,0.9683029066809663,8563.188199999786
Random Forest,43,0.9788011695906432,0.9741244298040416,0.9771656710798426,0.9712615570799521,9041.780700000345
Random Forest,44,0.9751461988304093,0.9697477008145111,0.9731972314565412,0.966568433734014,8746.655999999348
Random Forest,45,0.9778613199665831,0.9728544528808195,0.9768046833796366,0.9691784355949009,8665.168700000322
Random Forest,46,0.9784878863826232,0.973530711517546,0.978958823469975,0.9685692227127237,8921.184899999389
Random Forest,47,0.9786967418546366,0.9738301096222779,0.9789627808924397,0.969100440798854,8597.316800000044
Random Forest,48,0.9747258485639687,0.9690274211521452,0.9735203375481055,0.964866123333087,8606.343800000104
Random Forest,49,0.9775456919060053,0.9726103373316016,0.9772406913669766,0.9683646855435849,8714.510100000552
Random Forest,50,0.9755613577023499,0.9700771925271249,0.9747814370768343,0.9657436018070289,8526.446799999576
"SVM (RBF, OvO)",1,0.9631370091896407,0.9567027513860968,0.9630510047388766,0.9520383897821185,53580.44539999992
"SVM (RBF, OvO)",2,0.9613617376775272,0.9548646870398837,0.9578158555016586,0.9528105389811662,52608.53909999969
"SVM (RBF, OvO)",3,0.9629281537176274,0.9567390584644548,0.9607094830868533,0.9538399522854183,54825.399899999866
"SVM (RBF, OvO)",4,0.9585421888053467,0.9511221997656488,0.9559593991205096,0.947797040682886,52290.89449999992
"SVM (RBF, OvO)",5,0.964390142021721,0.9582181399250259,0.9619115484592161,0.9554422573356763,52292.18330000003
"SVM (RBF, OvO)",6,0.9624060150375939,0.9557076777762697,0.9587976893998782,0.9535573289855658,49307.34610000036
"SVM (RBF, OvO)",7,0.9625104427736006,0.9559001376886248,0.9582543660739149,0.9545097737776693,45975.5585999992
"SVM (RBF, OvO)",8,0.9627154046997389,0.9564494134858427,0.9603253512736473,0.9539945813466223,45604.26069999994
"SVM (RBF, OvO)",9,0.9612532637075718,0.9547068856893922,0.9575290861128506,0.9528958265886205,49613.396799999464
"SVM (RBF, OvO)",10,0.9636553524804178,0.9574995871751608,0.9631349244852382,0.9533539073868399,55152.62359999906
"SVM (RBF, OvO)",11,0.9633458646616542,0.9567666583941549,0.9615608378461064,0.953124864853935,51613.20530000012
"SVM (RBF, OvO)",12,0.9626148705096074,0.95591815335498,0.9597535960939413,0.9531371392953485,50553.10830000053
"SVM (RBF, OvO)",13,0.960735171261487,0.9541642939862146,0.9577934700356621,0.9517580548443861,48984.14919999959
"SVM (RBF, OvO)",14,0.9662698412698413,0.9610210185153137,0.9644907623488822,0.9585995794511305,49891.27439999902
"SVM (RBF, OvO)",15,0.9626148705096074,0.9557835180727143,0.9611617228759138,0.9519768347092933,53262.71390000147
"SVM (RBF, OvO)",16,0.9611528822055138,0.9543408280454059,0.959085688658914,0.950671862489601,59005.95559999965
"SVM (RBF, OvO)",17,0.9626148705096074,0.9563342029223169,0.958913236994472,0.9546929962915667,52964.21370000098
"SVM (RBF, OvO)",18,0.9624020887728459,0.9558314638506197,0.9607090663000996,0.9523088784239658,51692.025500000454
"SVM (RBF, OvO)",19,0.9625065274151436,0.9563286068955196,0.9579311013669236,0.9556809523637441,51039.58840000087
"SVM (RBF, OvO)",20,0.9608355091383812,0.9538717705142595,0.9580133645222094,0.9509897747229049,55807.141299999785
"SVM (RBF, OvO)",21,0.9632414369256475,0.9566095615491822,0.96076152601785,0.9536724391147825,53297.74170000019
"SVM (RBF, OvO)",22,0.9627192982456141,0.9560911082180401,0.9592365039629048,0.9539766846278961,53905.62619999946
"SVM (RBF, OvO)",23,0.9617794486215538,0.9552168808689107,0.9604016312386877,0.9514018266055425,51154.71720000096
"SVM (RBF, OvO)",24,0.9650167084377611,0.9592141382293867,0.9630948564557779,0.9563812036739008,49661.35440000107
"SVM (RBF, OvO)",25,0.9627192982456141,0.95611181682328,0.9613105892271491,0.9521985772582896,51816.34979999944
"SVM (RBF, OvO)",26,0.9638680033416875,0.9576836205035368,0.9605319753201483,0.9556627157050964,51736.01680000138
"SVM (RBF, OvO)",27,0.9592731829573935,0.9526872218244279,0.9560968756488367,0.9506540936811324,55519.1648
"SVM (RBF, OvO)",28,0.9606266318537859,0.9538312325771686,0.9578845601433718,0.9510882634619318,54193.40480000028
"SVM (RBF, OvO)",29,0.9619843342036554,0.9556809081976034,0.9584425319537176,0.9540560834054427,50570.40690000031
"SVM (RBF, OvO)",30,0.9628198433420365,0.9562321853434046,0.9598603072746273,0.953610858459461,52606.12349999974
"SVM (RBF, OvO)",31,0.9613617376775272,0.9541275818049878,0.9583245997134742,0.9510196425740952,52889.94090000051
"SVM (RBF, OvO)",32,0.9632414369256475,0.9568608783455713,0.9598776139810773,0.9549588099470867,52714.29680000074
"SVM (RBF, OvO)",33,0.9653299916457811,0.9591702210539751,0.9632703155430429,0.9560497783241644,54192.21369999832
"SVM (RBF, OvO)",34,0.9617794486215538,0.9557410908787475,0.9580592782576426,0.9544916222926115,53300.11889999878
"SVM (RBF, OvO)",35,0.9618838763575606,0.9554642872082827,0.9584429569784766,0.9534016765241454,51919.77570000017
"SVM (RBF, OvO)",36,0.9642857142857143,0.9583136185013785,0.9616192910062029,0.9560829724048842,52981.446299998424
"SVM (RBF, OvO)",37,0.9609440267335004,0.9543483279266335,0.9590416211925462,0.9508967798119858,53811.783500001184
"SVM (RBF, OvO)",38,0.9617754569190601,0.9551965809015108,0.9606787696905313,0.9512183514515143,55403.68320000016
"SVM (RBF, OvO)",39,0.9605221932114882,0.9536663180860944,0.9570681199618161,0.9515729308933745,51918.39179999988
"SVM (RBF, OvO)",40,0.9637597911227154,0.9573953072608058,0.9629604390121839,0.9532353633578499,51266.89569999871
"SVM (RBF, OvO)",41,0.9613617376775272,0.9545128730337105,0.9587814168279158,0.9516627628428044,54262.409599999955
"SVM (RBF, OvO)",42,0.9626148705096074,0.9559559647776162,0.9600539814169061,0.9532632055415976,50893.50360000026
"SVM (RBF, OvO)",43,0.964390142021721,0.9585943851086226,0.9614199401054306,0.9567286281679803,56418.86899999918
"SVM (RBF, OvO)",44,0.960421888053467,0.9538231345687768,0.9562618252886067,0.9524046458097452,52989.66090000067
"SVM (RBF, OvO)",45,0.9640768588137009,0.9580614143319964,0.9605235645339129,0.9563537698309975,54627.058099998976
"SVM (RBF, OvO)",46,0.9630325814536341,0.9566287991480941,0.9617662630990974,0.9527062474468555,54522.24170000045
"SVM (RBF, OvO)",47,0.9632414369256475,0.957007834131507,0.9621648603580214,0.9532882826552793,55320.34890000068
"SVM (RBF, OvO)",48,0.960313315926893,0.9531186118780098,0.9577893668484608,0.9496797591771821,54575.48610000049
"SVM (RBF, OvO)",49,0.9639686684073107,0.9577403638626474,0.9618917927029108,0.9547367766766529,53186.40500000038
"SVM (RBF, OvO)",50,0.9618798955613577,0.9550822285731092,0.9594879451448795,0.9518440740071642,54142.256799999814
